price,discription,image_urls
550,Pepper your look with easy elegance with this simple yet striking pair of gold-plated blue chandbali earrings. It features enchanting meena work and faux pearl drops.,"https://img.faballey.com/images/Product/ZEA00455/d3.jpg,https://img.faballey.com/images/Product/ZEA00455/d4.jpg,https://img.faballey.com/images/Product/ZEA00455/d5.jpg,https://img.faballey.com/images/Product/ZEA00455/d6.jpg"
750,"Daintily detailed and statement worthy, this layered dangler is perfect for your next festive soiree. It features a kundan encrusted, layered crescent motif with green beads and faux pearl drops.","https://img.faballey.com/images/Product/ZEA00307/d3.jpg,https://img.faballey.com/images/Product/ZEA00307/d4.jpg,https://img.faballey.com/images/Product/ZEA00307/d5.jpg,https://img.faballey.com/images/Product/ZEA00307/d6.jpg"
700,Give your jewellery collection a traditional and timeless update with this pair of ever-so-classic gold-plated chandbali earrings. It features a kundan-encrusted floral motif with white faux beads and red stone drops.,"https://img.faballey.com/images/Product/ZEA00486/d3.jpg,https://img.faballey.com/images/Product/ZEA00486/d4.jpg,https://img.faballey.com/images/Product/ZEA00486/d5.jpg,https://img.faballey.com/images/Product/ZEA00486/d6.jpg"
700,Clean lines and a minimal aesthetic come together in this gold plated cuff bracelet.. Features a black statement stone center on an adjustable bangle,"https://img.faballey.com/images/Product/ZBR00061/d3.jpg,https://img.faballey.com/images/Product/ZBR00061/d4.jpg,https://img.faballey.com/images/Product/ZBR00061/d5.jpg,https://img.faballey.com/images/Product/ZBR00061/d6.jpg,https://img.faballey.com/images/Product/ZBR00061/d7.jpg"
925,Give your jewellery collection a traditional and timeless update with this pair of gold-plated kundan jhumkas. It features a kundan encrusted floral motif with two-tiered jhumka and a green drop bead.,"https://img.faballey.com/images/Product/ZEA00300/d3.jpg,https://img.faballey.com/images/Product/ZEA00300/d4.jpg,https://img.faballey.com/images/Product/ZEA00300/d5.jpg,https://img.faballey.com/images/Product/ZEA00300/d6.jpg"
1100,Piece together a winning festive look with this pair of dazzling silver stud earrings. It features crystal-studded concentric circles with a silver-toned faux pearl center.,"https://img.faballey.com/images/Product/ZEA00478/d3.jpg,https://img.faballey.com/images/Product/ZEA00478/d4.jpg,https://img.faballey.com/images/Product/ZEA00478/d5.jpg,https://img.faballey.com/images/Product/ZEA00478/d6.jpg"
925,"Thoughtfully designed with a mix of delicate filigree, enchanting meena work and the playfulness of white beads, this pair of dangler earrings is a statement in itself. It features gold plating, pink enamel work and tiers of white beads.","https://img.faballey.com/images/Product/ZEA00351/d3.jpg,https://img.faballey.com/images/Product/ZEA00351/d4.jpg,https://img.faballey.com/images/Product/ZEA00351/d5.jpg,https://img.faballey.com/images/Product/ZEA00351/d6.jpg"
950,"With a fresh and easy-to-style design, this pair of gold-plated floral chain danglers is a must-have for your festive ensembles. It features a green kundan encrusted floral motif with delicate metallic chains topped with white beads.","https://img.faballey.com/images/Product/ZEA00465/d3.jpg,https://img.faballey.com/images/Product/ZEA00465/d4.jpg,https://img.faballey.com/images/Product/ZEA00465/d5.jpg,https://img.faballey.com/images/Product/ZEA00465/d6.jpg"
1300,"With a sophisticated design and understated glam, these gold-plated bangles are an easy set to pick for your next summer soiree. Encrusted with green oval crystals, this pair is just what you need to make a subtle yet striking statement.","https://img.faballey.com/images/Product/ZBR00077/d3.jpg,https://img.faballey.com/images/Product/ZBR00077/d4.jpg,https://img.faballey.com/images/Product/ZBR00077/d5.jpg,https://img.faballey.com/images/Product/ZBR00077/d6.jpg,https://img.faballey.com/images/Product/ZBR00077/d7.jpg"
700,"Crafted with a delicate silver drop design, this set of oxidised bangles can be your new 9 to 9 go-to. Features a set of 2 bangles","https://img.faballey.com/images/Product/ZBR00055/d3.jpg,https://img.faballey.com/images/Product/ZBR00055/d4.jpg,https://img.faballey.com/images/Product/ZBR00055/d5.jpg,https://img.faballey.com/images/Product/ZBR00055/d6.jpg,https://img.faballey.com/images/Product/ZBR00055/d7.jpg"
650,Take your everyday look from drab to fab with these gold-plated hoop earrings. These come in a set of three with a mix of playful shapes.,"https://img.faballey.com/images/Product/ZEA00338/d3.jpg,https://img.faballey.com/images/Product/ZEA00338/d4.jpg,https://img.faballey.com/images/Product/ZEA00338/d5.jpg"
700,Classic kundan gets an elevated and stylish update with this pair of gold-plated crystal jhumki earrings. It features a stunning kundan center with white bead drops.,"https://img.faballey.com/images/Product/ZEA00349/d3.jpg,https://img.faballey.com/images/Product/ZEA00349/d4.jpg,https://img.faballey.com/images/Product/ZEA00349/d5.jpg,https://img.faballey.com/images/Product/ZEA00349/d6.jpg"
925,"Thoughtfully designed with a mix of delicate filigree, enchanting meena work and the playfulness of white beads, this pair of dangler earrings is a statement in itself. It features gold plating, dark blue enamel work, and tiers of white beads.","https://img.faballey.com/images/Product/ZEA00350/d3.jpg,https://img.faballey.com/images/Product/ZEA00350/d4.jpg,https://img.faballey.com/images/Product/ZEA00350/d5.jpg,https://img.faballey.com/images/Product/ZEA00350/d6.jpg"
450,"The perfect mix of minimally festive and everyday efficient, these gold-plated triangular danglers are a must-have piece to own in your jewellery collection. It features two-tiered triangular-shaped motifs with tassels and maroon beads.","https://img.faballey.com/images/Product/ZEA00435/d3.jpg,https://img.faballey.com/images/Product/ZEA00435/d4.jpg,https://img.faballey.com/images/Product/ZEA00435/d5.jpg,https://img.faballey.com/images/Product/ZEA00435/d6.jpg"
700,"Classic and timeless, amp up your everyday look with these hoop earrings. They come in a set of three with a mix of gold-plated and silver toned pieces.","https://img.faballey.com/images/Product/ZEA00339/d3.jpg,https://img.faballey.com/images/Product/ZEA00339/d4.jpg,https://img.faballey.com/images/Product/ZEA00339/d5.jpg"
1100,Piece together a winning festive look with this pair of dazzling gold stud earrings. It features crystal-studded concentric circles with a gold-toned faux pearl center.,"https://img.faballey.com/images/Product/ZEA00479/d3.jpg,https://img.faballey.com/images/Product/ZEA00479/d4.jpg,https://img.faballey.com/images/Product/ZEA00479/d5.jpg,https://img.faballey.com/images/Product/ZEA00479/d6.jpg"
725,"Classic chandbali earrings get a pop finish with this pair. Encrusted with kundan stones, these gold-plated earrings feature a floral motif and charming red beads.","https://img.faballey.com/images/Product/ZEA00470/d3.jpg,https://img.faballey.com/images/Product/ZEA00470/d4.jpg,https://img.faballey.com/images/Product/ZEA00470/d5.jpg,https://img.faballey.com/images/Product/ZEA00470/d6.jpg"
475,Traditional motifs and dainty details come together in these beautifully crafted gold-plated beaded dangler earrings. They feature kundan-encrusted petal motifs with a red stone center and red bead drops.,"https://img.faballey.com/images/Product/ZEA00488/d3.jpg,https://img.faballey.com/images/Product/ZEA00488/d4.jpg,https://img.faballey.com/images/Product/ZEA00488/d5.jpg,https://img.faballey.com/images/Product/ZEA00488/d6.jpg"
600,"With a minimal design and a contemporary vibe, this pair of floral dangler earrings will work perfectly with your light-weight festive ensembles. It features a kundan-encrusted floral motif center with a petal shaped drop.","https://img.faballey.com/images/Product/ZEA00480/d3.jpg,https://img.faballey.com/images/Product/ZEA00480/d4.jpg,https://img.faballey.com/images/Product/ZEA00480/d5.jpg,https://img.faballey.com/images/Product/ZEA00480/d6.jpg"
975,"Add a regal touch to your wedding wear with this heirloom-inspired pair of gold-plated green kundan earrings. It features a kundan encrusted stud and bottom piece, strung together with green beads.","https://img.faballey.com/images/Product/ZEA00468/d3.jpg,https://img.faballey.com/images/Product/ZEA00468/d4.jpg,https://img.faballey.com/images/Product/ZEA00468/d5.jpg,https://img.faballey.com/images/Product/ZEA00468/d6.jpg"
700,"Classic pearls get an elevated update with this set of gold-plated pearl drop stud earrings. With varying shapes, finished with a timeless pearl drop, these come in a set of three to give your everyday look an elegant finish.","https://img.faballey.com/images/Product/ZEA00440/d3.jpg,https://img.faballey.com/images/Product/ZEA00440/d4.jpg,https://img.faballey.com/images/Product/ZEA00440/d5.jpg"
650,Redefine your ethnic style with this pair of antique silver tribal hoops.,"https://img.faballey.com/images/Product/ZEA00295/d3.jpg,https://img.faballey.com/images/Product/ZEA00295/d4.jpg,https://img.faballey.com/images/Product/ZEA00295/d5.jpg,https://img.faballey.com/images/Product/ZEA00295/d6.jpg"
700,Amp up your everyday style with these playfully shaped hoop earrings. They come in a set of three with a mix of gold-plated and silver-toned pieces.,"https://img.faballey.com/images/Product/ZEA00337/d3.jpg,https://img.faballey.com/images/Product/ZEA00337/d4.jpg,https://img.faballey.com/images/Product/ZEA00337/d5.jpg"
650,"An exquisitely traditional design with hints of maroon, this gold-plated floral beaded maang tika is a must-have piece. It features a kundan encrusted floral motif with small faux white beads and red bead drops.","https://img.faballey.com/images/Product/ZMT00039/d3.jpg,https://img.faballey.com/images/Product/ZMT00039/d4.jpg,https://img.faballey.com/images/Product/ZMT00039/d5.jpg,https://img.faballey.com/images/Product/ZMT00039/d6.jpg"
325,"Taking your classic circular danglers up a notch is this pair of gold-plated half-circle dangler earrings. It features a half-circle and half-metallic chain, making it a unique piece in your everyday jewellery collection.","https://img.faballey.com/images/Product/ZEA00394/d3.jpg,https://img.faballey.com/images/Product/ZEA00394/d4.jpg,https://img.faballey.com/images/Product/ZEA00394/d5.jpg,https://img.faballey.com/images/Product/ZEA00394/d6.jpg"
250,Amp up your weekend look with this distinctive pair of dangler earrings. It features a pearl cluster drop in the centre of a hollow gold-plated disc.,"https://img.faballey.com/images/Product/ZEA00437/d3.jpg,https://img.faballey.com/images/Product/ZEA00437/d4.jpg,https://img.faballey.com/images/Product/ZEA00437/d5.jpg,https://img.faballey.com/images/Product/ZEA00437/d6.jpg"
575,"Bold, brazen and beautiful, these gold-plated green disc dangler earrings are a statement pair meant for keeps. They feature a green glass stone set in the center with hammered disc drops.","https://img.faballey.com/images/Product/ZEA00433/d3.jpg,https://img.faballey.com/images/Product/ZEA00433/d4.jpg,https://img.faballey.com/images/Product/ZEA00433/d5.jpg,https://img.faballey.com/images/Product/ZEA00433/d6.jpg"
900,"Give traditional kundan kadas a miss for this refreshing gold-plated beaded kundan bracelet. It features a kundan encrusted floral motif center encircled with clusters of pastel green beads, and a kundan bracelet.","https://img.faballey.com/images/Product/ZBR00069/d3.jpg,https://img.faballey.com/images/Product/ZBR00069/d4.jpg,https://img.faballey.com/images/Product/ZBR00069/d5.jpg,https://img.faballey.com/images/Product/ZBR00069/d6.jpg"
550,Give your look a polished finish with this pair of gold and blue stud earrings. Features gold plated textured discs with blue stone center,"https://img.faballey.com/images/Product/ZEA00275/d3.jpg,https://img.faballey.com/images/Product/ZEA00275/d4.jpg,https://img.faballey.com/images/Product/ZEA00275/d5.jpg,https://img.faballey.com/images/Product/ZEA00275/d6.jpg"
1350,"With a sophisticated design and understated glam, these gold-plated bangles are an easy set to pick for your next summer soiree. Encrusted with pink crystals, this pair is just what you need to make a subtle yet striking statement.","https://img.faballey.com/images/Product/ZBR00078/d3.jpg,https://img.faballey.com/images/Product/ZBR00078/d4.jpg,https://img.faballey.com/images/Product/ZBR00078/d5.jpg,https://img.faballey.com/images/Product/ZBR00078/d6.jpg,https://img.faballey.com/images/Product/ZBR00078/d7.jpg"
1000,Give your ethnic wear a charming finish with these gold-plated jhumki earrings. It features a kundan encrusted crescent-shaped motif with red beads.,"https://img.faballey.com/images/Product/ZEA00305/d3.jpg,https://img.faballey.com/images/Product/ZEA00305/d4.jpg,https://img.faballey.com/images/Product/ZEA00305/d5.jpg,https://img.faballey.com/images/Product/ZEA00305/d6.jpg"
975,"Striking and tastefully designed, this pair of gold crystal dangler earrings will give your cocktail look an elegant finish. It features stone studded CZ diamond danglers with a petal-shaped drop.","https://img.faballey.com/images/Product/ZEA00477/d3.jpg,https://img.faballey.com/images/Product/ZEA00477/d4.jpg,https://img.faballey.com/images/Product/ZEA00477/d5.jpg,https://img.faballey.com/images/Product/ZEA00477/d6.jpg"
900,"Crafted in a sleek design, this pair of silver stud earrings is the perfect pick to complete your evening look. It features a crystal studded top with a rectangular shaped dangler.","https://img.faballey.com/images/Product/ZEA00476/d3.jpg,https://img.faballey.com/images/Product/ZEA00476/d4.jpg,https://img.faballey.com/images/Product/ZEA00476/d5.jpg,https://img.faballey.com/images/Product/ZEA00476/d6.jpg"
600,"Pick this exquisitely-designed gold-plated kundan maang tika for when you want to make a statement with your jewelry. Ornately crafted, it features a kundan encrusted, chandbali-style piece with faux seed bead pearls and a maroon drop.","https://img.faballey.com/images/Product/ZMT00041/d3.jpg,https://img.faballey.com/images/Product/ZMT00041/d4.jpg,https://img.faballey.com/images/Product/ZMT00041/d5.jpg,https://img.faballey.com/images/Product/ZMT00041/d6.jpg"
625,Give your ethnic wear a charming finish with this pair of dainty gold-plated pearl drop danglers. It features a floral stud and kundan-encrusted petal-shaped motifs with faux white pearl drop.,"https://img.faballey.com/images/Product/ZEA00482/d3.jpg,https://img.faballey.com/images/Product/ZEA00482/d4.jpg,https://img.faballey.com/images/Product/ZEA00482/d5.jpg,https://img.faballey.com/images/Product/ZEA00482/d6.jpg"
1100,Uplift your everyday neutrals with a simple addition of this gold-plated necklace set. It features a textured statement choker necklace with a pair of dangler earrings.,"https://img.faballey.com/images/Product/ZNS00070/d3.jpg,https://img.faballey.com/images/Product/ZNS00070/d4.jpg,https://img.faballey.com/images/Product/ZNS00070/d5.jpg,https://img.faballey.com/images/Product/ZNS00070/d6.jpg"
1300,"Uplift your cocktail look with these stunning gold-plated orb bangle set. Encrusted with white crystals, this daintily detailed pair is a must-have in your jewellery closet.","https://img.faballey.com/images/Product/ZBR00076/d3.jpg,https://img.faballey.com/images/Product/ZBR00076/d4.jpg,https://img.faballey.com/images/Product/ZBR00076/d5.jpg,https://img.faballey.com/images/Product/ZBR00076/d6.jpg,https://img.faballey.com/images/Product/ZBR00076/d7.jpg"
1250,"Complete your festive look with this gold-plated studded bangle set. Featuring the classic faux pearls and crystals, this pair will become you last minute fix for any event you attend.","https://img.faballey.com/images/Product/ZBR00074/d3.jpg,https://img.faballey.com/images/Product/ZBR00074/d4.jpg,https://img.faballey.com/images/Product/ZBR00074/d5.jpg,https://img.faballey.com/images/Product/ZBR00074/d6.jpg,https://img.faballey.com/images/Product/ZBR00074/d7.jpg"
700,Give your festive look the perfect finishing touch with this pair of classic and timeless chandbali earrings. It features a kundan-encrusted floral motif with a green bead drop center and clusters of white beads.,"https://img.faballey.com/images/Product/ZEA00484/d3.jpg,https://img.faballey.com/images/Product/ZEA00484/d4.jpg,https://img.faballey.com/images/Product/ZEA00484/d5.jpg,https://img.faballey.com/images/Product/ZEA00484/d6.jpg"
800,Enliven your festive look with this pair of traditional gold-plated kundan dangler earrings. It features a kundan encrusted floral motif encircled with faux white beads and a red bead drop.,"https://img.faballey.com/images/Product/ZEA00431/d3.jpg,https://img.faballey.com/images/Product/ZEA00431/d4.jpg,https://img.faballey.com/images/Product/ZEA00431/d5.jpg,https://img.faballey.com/images/Product/ZEA00431/d6.jpg"
550,"With a timeless traditional design and a seasonless hue, this pair of gold-plated blue jhumka earrings will become your wedding season go-to. It features a kundan encrusted center encircled with petal shaped motifs and faux pearls.","https://img.faballey.com/images/Product/ZEA00443/d3.jpg,https://img.faballey.com/images/Product/ZEA00443/d4.jpg,https://img.faballey.com/images/Product/ZEA00443/d5.jpg,https://img.faballey.com/images/Product/ZEA00443/d6.jpg"
725,"Classic chandbali earrings get a pop finish with this pair. Encrusted with kundan stones, these gold-plated earrings feature a floral motif and charming green beads.","https://img.faballey.com/images/Product/ZEA00469/d3.jpg,https://img.faballey.com/images/Product/ZEA00469/d4.jpg,https://img.faballey.com/images/Product/ZEA00469/d5.jpg,https://img.faballey.com/images/Product/ZEA00469/d6.jpg"
1475,"Pepper your everyday look with easy elegance with these gold-plated bangles. Encrusted with white crystals, this set of four will become your go-to staple to pair with your daily wear.","https://img.faballey.com/images/Product/ZBR00079/d3.jpg,https://img.faballey.com/images/Product/ZBR00079/d4.jpg,https://img.faballey.com/images/Product/ZBR00079/d5.jpg,https://img.faballey.com/images/Product/ZBR00079/d6.jpg,https://img.faballey.com/images/Product/ZBR00079/d7.jpg"
1300,"The perfect blend of sleek and chic, these gold-plated bangles are all you need to take your look from drab to fab. Studded with CZ crystals, this pair is the perfect pick for evening elegance.","https://img.faballey.com/images/Product/ZBR00075/d3.jpg,https://img.faballey.com/images/Product/ZBR00075/d4.jpg,https://img.faballey.com/images/Product/ZBR00075/d5.jpg,https://img.faballey.com/images/Product/ZBR00075/d6.jpg,https://img.faballey.com/images/Product/ZBR00075/d7.jpg"
600,"Delicately detailed in stunning shades, this pair of gold-plated green jhumka earrings are perfect to jazz up any festive look. It features petal-shaped motifs with red enamel work, a green enamel jhumka drop, and is finished with fetching pearls.","https://img.faballey.com/images/Product/ZEA00449/d3.jpg,https://img.faballey.com/images/Product/ZEA00449/d4.jpg,https://img.faballey.com/images/Product/ZEA00449/d5.jpg,https://img.faballey.com/images/Product/ZEA00449/d6.jpg"
550,"The perfect mix of minimally festive and everyday efficient, these gold-plated tiered danglers are a must-have piece to own in your jewellery collection. It features a three-tiered irregular shaped motif accentuated with black beads.","https://img.faballey.com/images/Product/ZEA00436/d3.jpg,https://img.faballey.com/images/Product/ZEA00436/d4.jpg,https://img.faballey.com/images/Product/ZEA00436/d6.jpg"
350,"Give your evening look a fine finish with this pair of gold-plated red stud earrings. Designed in a standout shade, it features a faux pearl center encircled with kundan encrusted petal shaped motifs.","https://img.faballey.com/images/Product/ZEA00451/d3.jpg,https://img.faballey.com/images/Product/ZEA00451/d4.jpg,https://img.faballey.com/images/Product/ZEA00451/d5.jpg,https://img.faballey.com/images/Product/ZEA00451/d6.jpg"
550,"Give your style a sophisticated uplift with these classy and chic D-shaped hoop earrings. Taking the classic hoops up a notch, these feature a gold-plated D-shaped hoop with faux pearl closure.","https://img.faballey.com/images/Product/ZEA00400/d3.jpg,https://img.faballey.com/images/Product/ZEA00400/d4.jpg,https://img.faballey.com/images/Product/ZEA00400/d5.jpg,https://img.faballey.com/images/Product/ZEA00400/d6.jpg"
1750,Add color to your evening look with this green beaded piece. Features a double string of blue beads and kundan drops along with earrings,"https://img.faballey.com/images/Product/ZNS00050/d3.jpg,https://img.faballey.com/images/Product/ZNS00050/d4.jpg,https://img.faballey.com/images/Product/ZNS00050/d5.jpg,https://img.faballey.com/images/Product/ZNS00050/d6.jpg"
2450,Give your festive look a magnificent feel with this rose gold plated necklace set. Crafted in a square shape and encrusted with CZ diamonds this necklace set is one of a kind piece to have and cherish.,"https://img.faballey.com/images/Product/ZNS00064/d3.jpg,https://img.faballey.com/images/Product/ZNS00064/d4.jpg,https://img.faballey.com/images/Product/ZNS00064/d5.jpg,https://img.faballey.com/images/Product/ZNS00064/d6.jpg"
625,Elevate your weekend looks with this pair of gold plated circular bunch danglers. Features a textured finished discs,"https://img.faballey.com/images/Product/ZEA00257/d3.jpg,https://img.faballey.com/images/Product/ZEA00257/d4.jpg,https://img.faballey.com/images/Product/ZEA00257/d5.jpg,https://img.faballey.com/images/Product/ZEA00257/d6.jpg"
1600,This gold diamond brick bangle set is a must-have in your jewellery box.Features statement diamond stones on a set of 2 bangles.,"https://img.faballey.com/images/Product/ZBR00035/d3.jpg,https://img.faballey.com/images/Product/ZBR00035/d4.jpg,https://img.faballey.com/images/Product/ZBR00035/d5.jpg,https://img.faballey.com/images/Product/ZBR00035/d6.jpg,https://img.faballey.com/images/Product/ZBR00035/d7.jpg"
2000,"A beautiful amalgamation of kundan and yellow pearls, this neckpiece will see you through your afternoon soirees to your cocktail evenings. Features a neat setting of pearls and kundan","https://img.faballey.com/images/Product/ZNS00048/d3.jpg,https://img.faballey.com/images/Product/ZNS00048/d4.jpg,https://img.faballey.com/images/Product/ZNS00048/d5.jpg,https://img.faballey.com/images/Product/ZNS00048/d6.jpg"
925,"Thoughtfully designed with a mix of delicate filigree, enchanting meena work and the playfulness of white beads, this pair of dangler earrings is a statement in itself. It features gold plating, green enamel work and tiers of white beads.","https://img.faballey.com/images/Product/ZEA00352/d3.jpg,https://img.faballey.com/images/Product/ZEA00352/d4.jpg,https://img.faballey.com/images/Product/ZEA00352/d5.jpg,https://img.faballey.com/images/Product/ZEA00352/d6.jpg"
650,Make a statement with this pair of minimally styled silver earrings. Features swing shaped silver plated textured dangler earrings.,"https://img.faballey.com/images/Product/ZEA00278/d3.jpg,https://img.faballey.com/images/Product/ZEA00278/d4.jpg,https://img.faballey.com/images/Product/ZEA00278/d5.jpg,https://img.faballey.com/images/Product/ZEA00278/d6.jpg"
650,Pick these dual toned Gold hoops for some easy accessorizing. Features antique gold plated hoop with intricate silver daana work,"https://img.faballey.com/images/Product/ZEA00282/d3.jpg,https://img.faballey.com/images/Product/ZEA00282/d4.jpg,https://img.faballey.com/images/Product/ZEA00282/d5.jpg,https://img.faballey.com/images/Product/ZEA00282/d6.jpg"
400,"Sleek, and oh-so-chic, this pair of gold-plated hoop earrings is an absolute style essential. Crafted with a tie-wire design, these earrings are the perfect pick for AM-to-PM elegance.","https://img.faballey.com/images/Product/ZEA00375/d3.jpg,https://img.faballey.com/images/Product/ZEA00375/d4.jpg,https://img.faballey.com/images/Product/ZEA00375/d5.jpg,https://img.faballey.com/images/Product/ZEA00375/d6.jpg"
550,A pair of sleek circular danglers like these are apt for work and more than apt for the weekend. Features a circular silver plated textured disc .,"https://img.faballey.com/images/Product/ZEA00259/d3.jpg,https://img.faballey.com/images/Product/ZEA00259/d4.jpg,https://img.faballey.com/images/Product/ZEA00259/d5.jpg,https://img.faballey.com/images/Product/ZEA00259/d6.jpg"
625,Nothing spells timeless fashion better than a pair of rose gold plated hoops.,"https://img.faballey.com/images/Product/ZEA00285/d3.jpg,https://img.faballey.com/images/Product/ZEA00285/d4.jpg,https://img.faballey.com/images/Product/ZEA00285/d5.jpg,https://img.faballey.com/images/Product/ZEA00285/d6.jpg"
2000,"Classic and timeless, this kundan and green bead set is what makes your jewellery collection unfading. Features a necklace crafted from strings of kundan stones and green beads.","https://img.faballey.com/images/Product/ZNS00049/d3.jpg,https://img.faballey.com/images/Product/ZNS00049/d4.jpg,https://img.faballey.com/images/Product/ZNS00049/d5.jpg,https://img.faballey.com/images/Product/ZNS00049/d6.jpg"
600,An intricately crafted gold cuff like this one will take you for through your lunch soirees and beyond. Features a hive mesh detail.,"https://img.faballey.com/images/Product/ZBR00053/d3.jpg,https://img.faballey.com/images/Product/ZBR00053/d4.jpg,https://img.faballey.com/images/Product/ZBR00053/d5.jpg,https://img.faballey.com/images/Product/ZBR00053/d6.jpg,https://img.faballey.com/images/Product/ZBR00053/d7.jpg"
1600,"Enchanting and elegant, this gold and red bangle set is perfect for those starlit puja nights.","https://img.faballey.com/images/Product/ZBR00034/d3.jpg,https://img.faballey.com/images/Product/ZBR00034/d4.jpg,https://img.faballey.com/images/Product/ZBR00034/d5.jpg,https://img.faballey.com/images/Product/ZBR00034/d6.jpg,https://img.faballey.com/images/Product/ZBR00034/d7.jpg"
1750,"For all those who shy away from statement pieces, this set is the perfect pick. Features a necklace crafted out of oval shaped kundan stones and pearl cluster drops along with earrings.","https://img.faballey.com/images/Product/ZNS00046/d3.jpg,https://img.faballey.com/images/Product/ZNS00046/d4.jpg,https://img.faballey.com/images/Product/ZNS00046/d5.jpg,https://img.faballey.com/images/Product/ZNS00046/d6.jpg"
900,Relive the old-world charm of stated opulence with this pair of gold plated dangler earrings. Features jadau work with green and pearl beads,"https://img.faballey.com/images/Product/ZEA00248/d3.jpg,https://img.faballey.com/images/Product/ZEA00248/d4.jpg,https://img.faballey.com/images/Product/ZEA00248/d5.jpg,https://img.faballey.com/images/Product/ZEA00248/d6.jpg"
2375,"Be it for a day wedding or a night soiree, this gold toned necklace and earring set can be your go-to. Features a necklace crafted of two strings of pearls and square shaped kundan stones along with earrings.","https://img.faballey.com/images/Product/ZNS00044/d3.jpg,https://img.faballey.com/images/Product/ZNS00044/d4.jpg,https://img.faballey.com/images/Product/ZNS00044/d5.jpg,https://img.faballey.com/images/Product/ZNS00044/d6.jpg"
600,Elevate your look everyday ethnic look with this pair of silver oxidised hoop earrings. Features floral motifs and intricate daana work,"https://img.faballey.com/images/Product/ZEA00288/d3.jpg,https://img.faballey.com/images/Product/ZEA00288/d4.jpg,https://img.faballey.com/images/Product/ZEA00288/d5.jpg,https://img.faballey.com/images/Product/ZEA00288/d6.jpg"
550,A pair of sleek circular danglers like these are apt for work and more than apt for the weekend. Features a circular gold plated textured disc.,"https://img.faballey.com/images/Product/ZEA00260/d3.jpg,https://img.faballey.com/images/Product/ZEA00260/d4.jpg,https://img.faballey.com/images/Product/ZEA00260/d5.jpg,https://img.faballey.com/images/Product/ZEA00260/d6.jpg"
2250,Pepper your festive look with the grandeur of this imposing gold-plated maroon kundan necklace set. It features alternating floral and square shaped kundan pieces on a single layer choker necklace along with complementing earrings.,"https://img.faballey.com/images/Product/ZNS00058/d3.jpg,https://img.faballey.com/images/Product/ZNS00058/d4.jpg,https://img.faballey.com/images/Product/ZNS00058/d5.jpg,https://img.faballey.com/images/Product/ZNS00058/d6.jpg"
475,"Crafted in a chic and sleek design, this pair of gold-plated overlap stud earrings is the perfect pick to complete your evening look. The pair is dotted with three pearls to give it an elegant finish.","https://img.faballey.com/images/Product/ZEA00367/d3.jpg,https://img.faballey.com/images/Product/ZEA00367/d4.jpg,https://img.faballey.com/images/Product/ZEA00367/d5.jpg,https://img.faballey.com/images/Product/ZEA00367/d6.jpg"
1750,"Uplift your cocktail look with this white and blue beaded kundan set. Features a statement setting of pearls, blue beads and classic kundan along with dainty stud earrings","https://img.faballey.com/images/Product/ZNS00042/d3.jpg,https://img.faballey.com/images/Product/ZNS00042/d4.jpg,https://img.faballey.com/images/Product/ZNS00042/d5.jpg,https://img.faballey.com/images/Product/ZNS00042/d6.jpg"
2000,"Make a show stopping entry with this eclectic necklace set. Features double string of pearls attached to red meenakari work outlined kundan, finished off with white pearl drops.","https://img.faballey.com/images/Product/ZNS00056/d3.jpg,https://img.faballey.com/images/Product/ZNS00056/d4.jpg,https://img.faballey.com/images/Product/ZNS00056/d5.jpg,https://img.faballey.com/images/Product/ZNS00056/d6.jpg"
550,Nothing spells timeless fashion better than a pair of rose gold plated hoops. Features a textured finish.,"https://img.faballey.com/images/Product/ZEA00269/d3.jpg,https://img.faballey.com/images/Product/ZEA00269/d4.jpg,https://img.faballey.com/images/Product/ZEA00269/d5.jpg,https://img.faballey.com/images/Product/ZEA00269/d6.jpg,https://img.faballey.com/images/Product/ZEA00269/d7.jpg"
2000,"Classic and timeless, this kundan and multicolor bead set is what makes your jewellery collection unfading. Features a necklace crafted from strings of kundan stones and green and red beads.","https://img.faballey.com/images/Product/ZNS00053/d3.jpg,https://img.faballey.com/images/Product/ZNS00053/d4.jpg,https://img.faballey.com/images/Product/ZNS00053/d5.jpg,https://img.faballey.com/images/Product/ZNS00053/d6.jpg"
1600,"This traditionally designed gold, pearl and meenakari bangle set is perfect for those starlit puja nights. Features a set of 2 pearl encrusted bangles.","https://img.faballey.com/images/Product/ZBR00037/d3.jpg,https://img.faballey.com/images/Product/ZBR00037/d4.jpg,https://img.faballey.com/images/Product/ZBR00037/d5.jpg,https://img.faballey.com/images/Product/ZBR00037/d6.jpg,https://img.faballey.com/images/Product/ZBR00037/d7.jpg"
600,"Give your festive look a traditional Rajasthani touch with this gold-plated kundan meena circular ring. Encrusted with kundan stones, it features green enamel work.","https://img.faballey.com/images/Product/ZRI00039/d3.jpg,https://img.faballey.com/images/Product/ZRI00039/d4.jpg,https://img.faballey.com/images/Product/ZRI00039/d5.jpg,https://img.faballey.com/images/Product/ZRI00039/d6.jpg,https://img.faballey.com/images/Product/ZRI00039/d7.jpg"
600,"Delicately detailed in stunning shades, this pair of gold-plated jhumki earrings will elevate your festive look effortlessly. It features petal shaped motifs encrusted with meena and pearl tassel drops.","https://img.faballey.com/images/Product/ZEA00448/d3.jpg,https://img.faballey.com/images/Product/ZEA00448/d4.jpg,https://img.faballey.com/images/Product/ZEA00448/d5.jpg,https://img.faballey.com/images/Product/ZEA00448/d6.jpg"
1100,"The elegance of kundan gets a playful, fluid twist with this gold-plated bracelet. It features leaf shaped kundan pieces encircled with green beads.","https://img.faballey.com/images/Product/ZBR00072/d3.jpg,https://img.faballey.com/images/Product/ZBR00072/d4.jpg,https://img.faballey.com/images/Product/ZBR00072/d5.jpg,https://img.faballey.com/images/Product/ZBR00072/d6.jpg"
1475,"Make a striking statement at the next cocktail-do with this gold-plated kundan pendant necklace set. The pendant, crafted with a long aqua blue stone and a kundan encrusted floral motif, comes with kundan floral stud earrings.","https://img.faballey.com/images/Product/ZNS00062/d3.jpg,https://img.faballey.com/images/Product/ZNS00062/d4.jpg,https://img.faballey.com/images/Product/ZNS00062/d5.jpg,https://img.faballey.com/images/Product/ZNS00062/d6.jpg,https://img.faballey.com/images/Product/ZNS00062/d7.jpg"
2000,"Elegance takes form in this stunning kundan and pearl necklace set. Features a necklace crafted from strands of minute pearls, kundan stones and pearl drops, along with matching earrings","https://img.faballey.com/images/Product/ZNS00052/d3.jpg,https://img.faballey.com/images/Product/ZNS00052/d4.jpg,https://img.faballey.com/images/Product/ZNS00052/d5.jpg,https://img.faballey.com/images/Product/ZNS00052/d6.jpg"
2875,Add some oomph to your festive look with this white blue diamond necklace. Features blue diamonds encircled with delicate white diamonds.,"https://img.faballey.com/images/Product/ZNS00031/d3.jpg,https://img.faballey.com/images/Product/ZNS00031/d4.jpg,https://img.faballey.com/images/Product/ZNS00031/d5.jpg,https://img.faballey.com/images/Product/ZNS00031/d6.jpg"
700,Up the style ante with this singular statement gold cuff. Features a hand hammered effect.,"https://img.faballey.com/images/Product/ZBR00054/d3.jpg,https://img.faballey.com/images/Product/ZBR00054/d4.jpg,https://img.faballey.com/images/Product/ZBR00054/d5.jpg,https://img.faballey.com/images/Product/ZBR00054/d6.jpg,https://img.faballey.com/images/Product/ZBR00054/d7.jpg"
2100,"Traditional kundan pieces get a strikingly glamorous update with this gold-plated floral pendant necklace set. The set features a floral pendant and stud earrings crafted with a beautiful mix of kundan, green beads and small crystals.","https://img.faballey.com/images/Product/ZNS00063/d3.jpg,https://img.faballey.com/images/Product/ZNS00063/d4.jpg,https://img.faballey.com/images/Product/ZNS00063/d5.jpg,https://img.faballey.com/images/Product/ZNS00063/d6.jpg,https://img.faballey.com/images/Product/ZNS00063/d7.jpg"
2750,A delicately detailed diamond set is a evening wear must-have. This diamond earring necklace set features a floral focal pendant.,"https://img.faballey.com/images/Product/ZNS00032/d3.jpg,https://img.faballey.com/images/Product/ZNS00032/d4.jpg,https://img.faballey.com/images/Product/ZNS00032/d5.jpg,https://img.faballey.com/images/Product/ZNS00032/d6.jpg,https://img.faballey.com/images/Product/ZNS00032/d7.jpg"
1750,"Set the tone for subtle glamour with this kundan and green drop set. Features a necklace crafted out of pearls, kundan and delicate green beads along with matching earrings.","https://img.faballey.com/images/Product/ZNS00047/d3.jpg,https://img.faballey.com/images/Product/ZNS00047/d4.jpg,https://img.faballey.com/images/Product/ZNS00047/d5.jpg,https://img.faballey.com/images/Product/ZNS00047/d6.jpg"
1750,"For all those who shy away from statement pieces, this set is the perfect pick. Features a kundan studded choker with white pearls on either side, and stud earrings","https://img.faballey.com/images/Product/ZNS00051/d3.jpg,https://img.faballey.com/images/Product/ZNS00051/d4.jpg,https://img.faballey.com/images/Product/ZNS00051/d5.jpg,https://img.faballey.com/images/Product/ZNS00051/d6.jpg"
600,"Exquisitely traditional, this gold-plated kundan meena ring is a festive wardrobe must-have. Taking inspiration from the sun, the ring features red enamel work and kundan stones, and is encircled with white beads.","https://img.faballey.com/images/Product/ZRI00040/d3.jpg,https://img.faballey.com/images/Product/ZRI00040/d4.jpg,https://img.faballey.com/images/Product/ZRI00040/d5.jpg,https://img.faballey.com/images/Product/ZRI00040/d6.jpg,https://img.faballey.com/images/Product/ZRI00040/d7.jpg"
650,A steller combination of geometric designs and unique textures forms this pair of gold plated circular dangler earrings. Features layered discs with a hammered texture,"https://img.faballey.com/images/Product/ZEA00270/d3.jpg,https://img.faballey.com/images/Product/ZEA00270/d4.jpg,https://img.faballey.com/images/Product/ZEA00270/d5.jpg,https://img.faballey.com/images/Product/ZEA00270/d6.jpg"
1050,"Add a vibrant touch to your festive look with this pair of gold plated blue stone kundan earrings. Features a boota motif, blue stones and a blue dangler.","https://img.faballey.com/images/Product/ZEA00256/d3.jpg,https://img.faballey.com/images/Product/ZEA00256/d4.jpg,https://img.faballey.com/images/Product/ZEA00256/d5.jpg,https://img.faballey.com/images/Product/ZEA00256/d6.jpg"
2250,A classic and delicate piece like this red beaded kundan set is a must-have in every jewellery collection. Features a necklace crafted from kundan stones and red beads,"https://img.faballey.com/images/Product/ZNS00054/d3.jpg,https://img.faballey.com/images/Product/ZNS00054/d4.jpg,https://img.faballey.com/images/Product/ZNS00054/d5.jpg,https://img.faballey.com/images/Product/ZNS00054/d6.jpg"
1600,This traditionally designed gold and diamond bangle set is perfect for those starlit puja nights. Features a set of 2 kite motif bangles.,"https://img.faballey.com/images/Product/ZBR00033/d3.jpg,https://img.faballey.com/images/Product/ZBR00033/d4.jpg,https://img.faballey.com/images/Product/ZBR00033/d5.jpg,https://img.faballey.com/images/Product/ZBR00033/d6.jpg,https://img.faballey.com/images/Product/ZBR00033/d7.jpg"
800,Look no further for a winner of a party accesory. This dazzling bracelet features multiple silver chains.,"https://img.faballey.com/images/Product/ZBR00066/d3.jpg,https://img.faballey.com/images/Product/ZBR00066/d4.jpg,https://img.faballey.com/images/Product/ZBR00066/d5.jpg,https://img.faballey.com/images/Product/ZBR00066/d6.jpg,https://img.faballey.com/images/Product/ZBR00066/d7.jpg,https://img.faballey.com/images/Product/ZBR00066/d8.jpg"
600,Relive the old-world charm with this pair of traditional gold-plated kundan earrings. It features a floral motif encircled with white beads along with a faux pearl drop with green beads.,"https://img.faballey.com/images/Product/ZEA00303/d3.jpg,https://img.faballey.com/images/Product/ZEA00303/d4.jpg,https://img.faballey.com/images/Product/ZEA00303/d5.jpg,https://img.faballey.com/images/Product/ZEA00303/d6.jpg"
1750,"For all those who shy away from statement pieces, this set is the perfect pick. Features a kundan studded choker with white pearls on either side, and stud earrings","https://img.faballey.com/images/Product/ZNS00045/d3.jpg,https://img.faballey.com/images/Product/ZNS00045/d4.jpg,https://img.faballey.com/images/Product/ZNS00045/d5.jpg,https://img.faballey.com/images/Product/ZNS00045/d6.jpg"
1750,Give your festive look a sparkling finish with this classic kundan and green bead set. Features a necklace crafted from layers of kundan stones accentuated with delicate green bead clusters.,"https://img.faballey.com/images/Product/ZNS00055/d3.jpg,https://img.faballey.com/images/Product/ZNS00055/d4.jpg,https://img.faballey.com/images/Product/ZNS00055/d5.jpg,https://img.faballey.com/images/Product/ZNS00055/d6.jpg"
700,"Refreshingly bold, this gold satin finish cuff bracelet adds a sexy edge to your look . Features a minimal style for added glam.","https://img.faballey.com/images/Product/ZBR00052/d3.jpg,https://img.faballey.com/images/Product/ZBR00052/d4.jpg,https://img.faballey.com/images/Product/ZBR00052/d5.jpg,https://img.faballey.com/images/Product/ZBR00052/d6.jpg,https://img.faballey.com/images/Product/ZBR00052/d7.jpg,https://img.faballey.com/images/Product/ZBR00052/d8.jpg"
625,Beads always add a fun spin to your regular looks. This gold plated pair of hoops features champagne bead drops,"https://img.faballey.com/images/Product/ZEA00274/d3.jpg,https://img.faballey.com/images/Product/ZEA00274/d4.jpg,https://img.faballey.com/images/Product/ZEA00274/d5.jpg,https://img.faballey.com/images/Product/ZEA00274/d6.jpg"
325,This pair of silver sleek concentric oxidised dangler earrings has a classic and clean design. Features a minimal spiral detail.,"https://img.faballey.com/images/Product/ZEA00199/d3.jpg,https://img.faballey.com/images/Product/ZEA00199/d4.jpg,https://img.faballey.com/images/Product/ZEA00199/d5.jpg,https://img.faballey.com/images/Product/ZEA00199/d7.jpg"
600,Up your everyday ethnic style with these silver oxidised spiked tribal hoops. Features traditional daana work,"https://img.faballey.com/images/Product/ZEA00271/d3.jpg,https://img.faballey.com/images/Product/ZEA00271/d4.jpg,https://img.faballey.com/images/Product/ZEA00271/d5.jpg,https://img.faballey.com/images/Product/ZEA00271/d7.jpg"
1300,Ignite that old world charm into your festive look with this gold red drops meenakari bracelet. Features shapely kundan stones accentuated with green meenakari work.,"https://img.faballey.com/images/Product/ZBR00045/d3.jpg,https://img.faballey.com/images/Product/ZBR00045/d4.jpg,https://img.faballey.com/images/Product/ZBR00045/d5.jpg,https://img.faballey.com/images/Product/ZBR00045/d6.jpg"
625,Dramatizing the classic hoop is this pair of gold plated tribal inspired hoop earrings. Features intricately designed spikes.,"https://img.faballey.com/images/Product/ZEA00286/d3.jpg,https://img.faballey.com/images/Product/ZEA00286/d4.jpg,https://img.faballey.com/images/Product/ZEA00286/d5.jpg,https://img.faballey.com/images/Product/ZEA00286/d7.jpg"
1200,Relive the old-world charm of stated opulence with this pair of gold plated dangler earrings. Features pearl jadau stones.,"https://img.faballey.com/images/Product/ZEA00246/d3.jpg,https://img.faballey.com/images/Product/ZEA00246/d4.jpg,https://img.faballey.com/images/Product/ZEA00246/d5.jpg,https://img.faballey.com/images/Product/ZEA00246/d7.jpg"
1050,Add a regal touch to your festive ensemble with this pair of kundan earrings. Features kundan studded dop earrings with red and white bead drop,"https://img.faballey.com/images/Product/ZEA00253/d3.jpg,https://img.faballey.com/images/Product/ZEA00253/d4.jpg,https://img.faballey.com/images/Product/ZEA00253/d5.jpg,https://img.faballey.com/images/Product/ZEA00253/d7.jpg"
700,"Clean, elegant and delicate, this dainty necklace features a long gold plated chain with a statement purple stone centre","https://img.faballey.com/images/Product/ZNE00011/d3.jpg,https://img.faballey.com/images/Product/ZNE00011/d4.jpg,https://img.faballey.com/images/Product/ZNE00011/d5.jpg"
450,This pair of gold pearl dangler earrings makes for an elegant and easy addition to your everyday jewellery collection. Features gold plated hoop with white pearl drop,"https://img.faballey.com/images/Product/ZEA00266/d3.jpg,https://img.faballey.com/images/Product/ZEA00266/d4.jpg,https://img.faballey.com/images/Product/ZEA00266/d5.jpg,https://img.faballey.com/images/Product/ZEA00266/d7.jpg"
550,Elevate your everyday workwear with this minimally designed statement piece. These earrings feature an oval shaped gold dangler with brown stone detail,"https://img.faballey.com/images/Product/ZEA00185/d3.jpg,https://img.faballey.com/images/Product/ZEA00185/d4.jpg,https://img.faballey.com/images/Product/ZEA00185/d5.jpg,https://img.faballey.com/images/Product/ZEA00185/d7.jpg"
900,These silver iridescent oxidised dangler earrings make a case for everyday glamour. Featuring a stunning blue stone centre and a tribal design,"https://img.faballey.com/images/Product/ZEA00195/d3.jpg,https://img.faballey.com/images/Product/ZEA00195/d4.jpg,https://img.faballey.com/images/Product/ZEA00195/d5.jpg,https://img.faballey.com/images/Product/ZEA00195/d7.jpg"
1200,Add a delicate dated glamour to your ethnic look with this kundan square bracelet. Features a string of square kundan stones with a cluster of small green and red beads.,"https://img.faballey.com/images/Product/ZBR00048/d3.jpg,https://img.faballey.com/images/Product/ZBR00048/d4.jpg,https://img.faballey.com/images/Product/ZBR00048/d5.jpg,https://img.faballey.com/images/Product/ZBR00048/d6.jpg"
1050,Add a regal touch to your festive ensemble with this pair of kundan earrings. Features kundan studded pearl drop earrings with white pearl and beads,"https://img.faballey.com/images/Product/ZEA00254/d3.jpg,https://img.faballey.com/images/Product/ZEA00254/d4.jpg,https://img.faballey.com/images/Product/ZEA00254/d5.jpg,https://img.faballey.com/images/Product/ZEA00254/d7.jpg"
275,Set your everyday look apart with this pair of silver concentric spiral earrings. Features a spiral drop in the centre.Style Tip: Pair this with a white chikankari kurta and ripped denims. F,"https://img.faballey.com/images/Product/ZEA00183/d3.jpg,https://img.faballey.com/images/Product/ZEA00183/d4.jpg,https://img.faballey.com/images/Product/ZEA00183/d5.jpg,https://img.faballey.com/images/Product/ZEA00183/d7.jpg"
1200,This statement pair of statement CZ daimond hoop style studs is a winning pick for an evening-do. Features white marquise shaped diamond stones.,"https://img.faballey.com/images/Product/ZEA00232/d3.jpg,https://img.faballey.com/images/Product/ZEA00232/d4.jpg,https://img.faballey.com/images/Product/ZEA00232/d5.jpg,https://img.faballey.com/images/Product/ZEA00232/d7.jpg"
1200,Add a delicate dated glamour to your ethnic look with this kundan square bracelet. Features a string of square kundan stones with a cluster of small green and white drop beads.,"https://img.faballey.com/images/Product/ZBR00046/d3.jpg,https://img.faballey.com/images/Product/ZBR00046/d4.jpg,https://img.faballey.com/images/Product/ZBR00046/d5.jpg,https://img.faballey.com/images/Product/ZBR00046/d6.jpg"
675,Beat the Monday blues with this fun pair of hoop dangler earrings. Features gold plated hoop with turquoise stone drop,"https://img.faballey.com/images/Product/ZEA00263/d3.jpg,https://img.faballey.com/images/Product/ZEA00263/d4.jpg,https://img.faballey.com/images/Product/ZEA00263/d5.jpg,https://img.faballey.com/images/Product/ZEA00263/d7.jpg"
1200,Relive the old-world charm of stated opulence with this pair of gold plated circular dangler earrings. Features jadau work with green beads,"https://img.faballey.com/images/Product/ZEA00247/d3.jpg,https://img.faballey.com/images/Product/ZEA00247/d4.jpg,https://img.faballey.com/images/Product/ZEA00247/d5.jpg,https://img.faballey.com/images/Product/ZEA00247/d7.jpg"
650,Stone encrusted earrings have a charm of their own. This pair features gold plated danglers with petal shaped white stone and green stone drop,"https://img.faballey.com/images/Product/ZEA00202/d3.jpg,https://img.faballey.com/images/Product/ZEA00202/d4.jpg,https://img.faballey.com/images/Product/ZEA00202/d5.jpg,https://img.faballey.com/images/Product/ZEA00202/d7.jpg"
1150,Give your evening wear a dazzling finish with this pair of CZ diamond hoops. Features a geomtric shaped studded hoop form,"https://img.faballey.com/images/Product/ZEA00227/d3.jpg,https://img.faballey.com/images/Product/ZEA00227/d4.jpg,https://img.faballey.com/images/Product/ZEA00227/d5.jpg,https://img.faballey.com/images/Product/ZEA00227/d7.jpg"
800,"Tastefully bling, dramatic and playful, this pair of kundan meena pearl tassel earrings is an occassion-dressing must-have. Features dark blue meenkari work and pearl tassels.","https://img.faballey.com/images/Product/ZEA00208/d3.jpg,https://img.faballey.com/images/Product/ZEA00208/d4.jpg,https://img.faballey.com/images/Product/ZEA00208/d5.jpg,https://img.faballey.com/images/Product/ZEA00208/d7.jpg"
625,Add this pair of gold textured petal dangler earrings to your collection as fool-proof stylish pick. Features a petal shaped textured gold dangler with brown stone,"https://img.faballey.com/images/Product/ZEA00193/d3.jpg,https://img.faballey.com/images/Product/ZEA00193/d4.jpg,https://img.faballey.com/images/Product/ZEA00193/d5.jpg,https://img.faballey.com/images/Product/ZEA00193/d7.jpg"
650,"Nail your 9 to 9 look with these riveting gold plated geometric dangler earrings. Crafted in a minimal design with a satin finish, it is the perfect accessory to take you from boardroom to bar","https://img.faballey.com/images/Product/ZEA00280/d3.jpg,https://img.faballey.com/images/Product/ZEA00280/d4.jpg,https://img.faballey.com/images/Product/ZEA00280/d5.jpg,https://img.faballey.com/images/Product/ZEA00280/d7.jpg"
625,Elevate your everyday workwear with this minimally designed statement piece. These earrings feature interlinked pieces with a dazzling blue stone,"https://img.faballey.com/images/Product/ZEA00186/d3.jpg,https://img.faballey.com/images/Product/ZEA00186/d4.jpg,https://img.faballey.com/images/Product/ZEA00186/d5.jpg,https://img.faballey.com/images/Product/ZEA00186/d7.jpg"
650,Pick these silver half moon oxidised jhumkas for some easy accessorizing. Features crescent shaped earrings with tribal inspired detailing,"https://img.faballey.com/images/Product/ZEA00293/d3.jpg,https://img.faballey.com/images/Product/ZEA00293/d4.jpg,https://img.faballey.com/images/Product/ZEA00293/d5.jpg,https://img.faballey.com/images/Product/ZEA00293/d7.jpg"
675,"Give your weekend looks an eclectic spin with these black beaded weave dangler earrings. Features black, blue and gold beads","https://img.faballey.com/images/Product/ZEA00276/d3.jpg,https://img.faballey.com/images/Product/ZEA00276/d4.jpg,https://img.faballey.com/images/Product/ZEA00276/d5.jpg,https://img.faballey.com/images/Product/ZEA00276/d7.jpg"
1250,This pair of multicolor linked CZ diamond earrings is sure to get the spotlight on you. Festures distinctive layers of white ad gold stones with blue drops,"https://img.faballey.com/images/Product/ZEA00233/d3.jpg,https://img.faballey.com/images/Product/ZEA00233/d4.jpg,https://img.faballey.com/images/Product/ZEA00233/d5.jpg,https://img.faballey.com/images/Product/ZEA00233/d7.jpg"
600,These silver spiked oxidised earrings give a tribal twist to regular hoop earrings. Feature intricate daana work spikes.,"https://img.faballey.com/images/Product/ZEA00289/d3.jpg,https://img.faballey.com/images/Product/ZEA00289/d4.jpg,https://img.faballey.com/images/Product/ZEA00289/d5.jpg,https://img.faballey.com/images/Product/ZEA00289/d7.jpg"
675,This pair of gold plated white drop hoop earrings makes for an elegant and easy addition to your everyday jewellery collection. Features gold plated hoops with white faceted stone drops,"https://img.faballey.com/images/Product/ZEA00264/d3.jpg,https://img.faballey.com/images/Product/ZEA00264/d4.jpg,https://img.faballey.com/images/Product/ZEA00264/d5.jpg,https://img.faballey.com/images/Product/ZEA00264/d7.jpg"
600,"Simple and classy, this pair of gold kite dangler earrings is a slip-on-and-slay piece. Features a satin finish","https://img.faballey.com/images/Product/ZEA00279/d3.jpg,https://img.faballey.com/images/Product/ZEA00279/d4.jpg,https://img.faballey.com/images/Product/ZEA00279/d5.jpg,https://img.faballey.com/images/Product/ZEA00279/d7.jpg"
1250,Make a discerning statement with this pair of wihte and CZ diamond dangler earrings. Features a drop shape and red stone drop,"https://img.faballey.com/images/Product/ZEA00225/d3.jpg,https://img.faballey.com/images/Product/ZEA00225/d4.jpg,https://img.faballey.com/images/Product/ZEA00225/d5.jpg,https://img.faballey.com/images/Product/ZEA00225/d7.jpg"
300,Set your everyday look apart with this pair of silver embossed oxidised earrings. Features an intricate daana work design.,"https://img.faballey.com/images/Product/ZEA00184/d3.jpg,https://img.faballey.com/images/Product/ZEA00184/d4.jpg,https://img.faballey.com/images/Product/ZEA00184/d5.jpg,https://img.faballey.com/images/Product/ZEA00184/d7.jpg"
1050,Heirloom inspired jewellery pieces are the perfect addition to your collection. These pair of gold plated kundan earrings feature a leaf motif design.,"https://img.faballey.com/images/Product/ZEA00255/d3.jpg,https://img.faballey.com/images/Product/ZEA00255/d4.jpg,https://img.faballey.com/images/Product/ZEA00255/d5.jpg,https://img.faballey.com/images/Product/ZEA00255/d7.jpg"
650,Add this distinctive cuff to your to your jewellery collection for an instant spruce up. Featues a gold plated adjustable bangle with a cluster of pencil cut druzy stones.,"https://img.faballey.com/images/Product/ZBR00058/d3.jpg,https://img.faballey.com/images/Product/ZBR00058/d4.jpg,https://img.faballey.com/images/Product/ZBR00058/d5.jpg,https://img.faballey.com/images/Product/ZBR00058/d6.jpg,https://img.faballey.com/images/Product/ZBR00058/d7.jpg"
1200,Add a delicate dated glamour to your ethnic look with this kundan square bracelet. Features a string of square kundan stones with a cluster of small green beads.,"https://img.faballey.com/images/Product/ZBR00047/d3.jpg,https://img.faballey.com/images/Product/ZBR00047/d4.jpg,https://img.faballey.com/images/Product/ZBR00047/d5.jpg,https://img.faballey.com/images/Product/ZBR00047/d6.jpg"
600,"Nail your 9 to 5 look with these riveting gold half moon stud earrings. Crafted in a minimal design with a satin finish, it is the perfect accessory to complete your work look.","https://img.faballey.com/images/Product/ZEA00277/d3.jpg,https://img.faballey.com/images/Product/ZEA00277/d4.jpg,https://img.faballey.com/images/Product/ZEA00277/d5.jpg,https://img.faballey.com/images/Product/ZEA00277/d7.jpg"
700,Add this distinctive pair of earrings to your everyday essential jewellery. Features gold plated hoop dangler with cluster of pencil cut grey stones,"https://img.faballey.com/images/Product/ZEA00261/d3.jpg,https://img.faballey.com/images/Product/ZEA00261/d4.jpg,https://img.faballey.com/images/Product/ZEA00261/d5.jpg,https://img.faballey.com/images/Product/ZEA00261/d7.jpg"
600,These gold druzy drop hoop earrings are the perfect add-ons for 9 to 9 style! This piece features crescent shaped gold plated hoops with a druzy stone drop,"https://img.faballey.com/images/Product/ZEA00204/d3.jpg,https://img.faballey.com/images/Product/ZEA00204/d4.jpg,https://img.faballey.com/images/Product/ZEA00204/d5.jpg,https://img.faballey.com/images/Product/ZEA00204/d7.jpg"
550,Look spectacular in silver with this pair of silver oxidised hoop earrings. Features an enchanting S motif mesh.,"https://img.faballey.com/images/Product/ZEA00287/d3.jpg,https://img.faballey.com/images/Product/ZEA00287/d4.jpg,https://img.faballey.com/images/Product/ZEA00287/d5.jpg,https://img.faballey.com/images/Product/ZEA00287/d7.jpg"
1200,Give your evening wear a dazzling finish with this pair of studded drop CZ diamond hoops. Features a diamond studded drop,"https://img.faballey.com/images/Product/ZEA00226/d3.jpg,https://img.faballey.com/images/Product/ZEA00226/d4.jpg,https://img.faballey.com/images/Product/ZEA00226/d5.jpg,https://img.faballey.com/images/Product/ZEA00226/d7.jpg"
1300,This gold green beaded kundan bracelet is the perfect finishing touch to your festive ensemble. Features round kundan stones with green bead drops on either side,"https://img.faballey.com/images/Product/ZBR00049/d3.jpg,https://img.faballey.com/images/Product/ZBR00049/d4.jpg,https://img.faballey.com/images/Product/ZBR00049/d5.jpg,https://img.faballey.com/images/Product/ZBR00049/d6.jpg"
600,An intricately crafted gold cuff like this one will take you for through your lunch soirees and beyond. Features an intricate mesh detail.,"https://img.faballey.com/images/Product/ZBR00051/d3.jpg,https://img.faballey.com/images/Product/ZBR00051/d4.jpg,https://img.faballey.com/images/Product/ZBR00051/d5.jpg,https://img.faballey.com/images/Product/ZBR00051/d6.jpg,https://img.faballey.com/images/Product/ZBR00051/d7.jpg"
250,Dive into the festivities this pair of silver cone oxidised dangler earrings . These earrings feature silver metallic tassel drops from an intricate cone hanging.,"https://img.faballey.com/images/Product/ZEA00182/d3.jpg,https://img.faballey.com/images/Product/ZEA00182/d4.jpg,https://img.faballey.com/images/Product/ZEA00182/d5.jpg,https://img.faballey.com/images/Product/ZEA00182/d7.jpg"
800,Look no further for a winner of a party accesory. This dazzling bracelet features multiple gold chains.,"https://img.faballey.com/images/Product/ZBR00059/d3.jpg,https://img.faballey.com/images/Product/ZBR00059/d4.jpg,https://img.faballey.com/images/Product/ZBR00059/d5.jpg,https://img.faballey.com/images/Product/ZBR00059/d6.jpg,https://img.faballey.com/images/Product/ZBR00059/d7.jpg"
800,Add grandeur to your festive ensemble with these kundan earrings. Features floral shaped kundan encrusted earrings outlined with white beads,"https://img.faballey.com/images/Product/ZEA00251/d3.jpg,https://img.faballey.com/images/Product/ZEA00251/d4.jpg,https://img.faballey.com/images/Product/ZEA00251/d5.jpg,https://img.faballey.com/images/Product/ZEA00251/d7.jpg"
475,This pair of gold textured drop dangler earrings is equal parts contemporary and traditional to take you straight from work to the festivities. Features gold plated textured dangler earrings with bead detailing,"https://img.faballey.com/images/Product/ZEA00192/d3.jpg,https://img.faballey.com/images/Product/ZEA00192/d4.jpg,https://img.faballey.com/images/Product/ZEA00192/d5.jpg,https://img.faballey.com/images/Product/ZEA00192/d7.jpg"
550,This minimalist gold stacked necklace will help elevate your everyday basics. Features oval shaped motifs with a black drop,"https://img.faballey.com/images/Product/ZNE00008/d3.jpg,https://img.faballey.com/images/Product/ZNE00008/d4.jpg,https://img.faballey.com/images/Product/ZNE00008/d5.jpg"
550,Give your everyday Indian wear a traditional and feminine add-on with this delicate pair of silver half moon hoop earrings. Features geometric shaped silver oxidised hoops,"https://img.faballey.com/images/Product/ZEA00294/d3.jpg,https://img.faballey.com/images/Product/ZEA00294/d4.jpg,https://img.faballey.com/images/Product/ZEA00294/d5.jpg,https://img.faballey.com/images/Product/ZEA00294/d7.jpg"
900,The traditionally festive colors and fetching design of this pair of earrings add a retro glamour to your festive look. Feature red and green stones and delicate pearl beads.,"https://img.faballey.com/images/Product/ZEA00211/d3.jpg,https://img.faballey.com/images/Product/ZEA00211/d4.jpg,https://img.faballey.com/images/Product/ZEA00211/d5.jpg,https://img.faballey.com/images/Product/ZEA00211/d7.jpg"
1050,This gold pearl kundan bracelet is the perfect finishing touch to your festive ensemble. Features round kundan stones with white pearl drops on either side,"https://img.faballey.com/images/Product/ZBR00039/d3.jpg,https://img.faballey.com/images/Product/ZBR00039/d4.jpg,https://img.faballey.com/images/Product/ZBR00039/d5.jpg,https://img.faballey.com/images/Product/ZBR00039/d6.jpg"
350,Add a contemporary touch to your ethnic wear with this pair of silver plate hoop earrings. Features hand hammered geometric shaped silver oxidised dangler,"https://img.faballey.com/images/Product/ZEA00179/d3.jpg,https://img.faballey.com/images/Product/ZEA00179/d4.jpg,https://img.faballey.com/images/Product/ZEA00179/d5.jpg,https://img.faballey.com/images/Product/ZEA00179/d7.jpg"
3750,Glam up this festive season with this stunner of a gold plated kundan set. Features a layered kundan necklace with a green drop along with matching dangler earrings,"https://img.faballey.com/images/Product/ZNS00018/d3.jpg,https://img.faballey.com/images/Product/ZNS00018/d4.jpg,https://img.faballey.com/images/Product/ZNS00018/d5.jpg,https://img.faballey.com/images/Product/ZNS00018/d6.jpg"
1600,If you love kundan but want to keep it simple and classy this set should be your pick! Features a gold plated white kundan necklace with a single red drop bead along with dangler earrings,"https://img.faballey.com/images/Product/ZNS00003/d3.jpg,https://img.faballey.com/images/Product/ZNS00003/d4.jpg,https://img.faballey.com/images/Product/ZNS00003/d5.jpg,https://img.faballey.com/images/Product/ZNS00003/d6.jpg"
975,Amp up the festive look by adding these earrings to your ensemble. Features gold plate kundan encrusted earrings with floral motif and golden pearls.,"https://img.faballey.com/images/Product/ZEA00036/d3.jpg,https://img.faballey.com/images/Product/ZEA00036/d4.jpg,https://img.faballey.com/images/Product/ZEA00036/d5.jpg,https://img.faballey.com/images/Product/ZEA00036/d7.jpg"
1050,This gold diamond bangle set is a must-have in your jewellery box. Features diamonds studded on a gold bangle,"https://img.faballey.com/images/Product/ZBR00008/d3.jpg,https://img.faballey.com/images/Product/ZBR00008/d4.jpg,https://img.faballey.com/images/Product/ZBR00008/d5.jpg,https://img.faballey.com/images/Product/ZBR00008/d6.jpg"
975,Add a touch of ethnic glam to your evening look with these grape diamond dangler earrings. These are a must have pair!,"https://img.faballey.com/images/Product/ZEA00045/d3.jpg,https://img.faballey.com/images/Product/ZEA00045/d4.jpg,https://img.faballey.com/images/Product/ZEA00045/d5.jpg,https://img.faballey.com/images/Product/ZEA00045/d7.jpg"
1150,These delightful earrings will add grace to your look in seconds. Features diamond studs and push back closure.,"https://img.faballey.com/images/Product/ZEA00055/d3.jpg,https://img.faballey.com/images/Product/ZEA00055/d4.jpg,https://img.faballey.com/images/Product/ZEA00055/d5.jpg,https://img.faballey.com/images/Product/ZEA00055/d6.jpg"
250,Add a fun bohemian spin to your look with these silver circular gypsy oxidised earrings . Features metal leaf drops and a black stone detail,"https://img.faballey.com/images/Product/ZEA00174/d3.jpg,https://img.faballey.com/images/Product/ZEA00174/d4.jpg,https://img.faballey.com/images/Product/ZEA00174/d5.jpg,https://img.faballey.com/images/Product/ZEA00174/d6.jpg"
950,Add a touch of bling to your casual look with these green drop dangler earrings. Features green stone embellishment and push back closure.,"https://img.faballey.com/images/Product/ZEA00046/d3.jpg,https://img.faballey.com/images/Product/ZEA00046/d4.jpg,https://img.faballey.com/images/Product/ZEA00046/d5.jpg,https://img.faballey.com/images/Product/ZEA00046/d7.jpg"
1400,This green meena kundan chandbali mangtika adds a soft and beautifully vintage look to a festive ensemble. Features a crescent shaped motif encrusted with kundan and accentuated with pastel green enamel work and delicate white beads.,"https://img.faballey.com/images/Product/ZMT00010/d3.jpg,https://img.faballey.com/images/Product/ZMT00010/d4.jpg,https://img.faballey.com/images/Product/ZMT00010/d5.jpg,https://img.faballey.com/images/Product/ZMT00010/d7.jpg"
2450,"Take the glamour quotient up a few notches with this aqua drop diamond set. Featuring an enchanting aqua stone drop on the necklace and earrings, this set is equal parts sizzling siren and sophisticated.","https://img.faballey.com/images/Product/ZNS00013/d3.jpg,https://img.faballey.com/images/Product/ZNS00013/d4.jpg,https://img.faballey.com/images/Product/ZNS00013/d5.jpg,https://img.faballey.com/images/Product/ZNS00013/d6.jpg"
1500,"Your search for the perfect rani haar ends here. Features a long necklace made of a statement kundan pendant and pearl beaded strings, and kundan earrings.","https://img.faballey.com/images/Product/ZNS00008/d3.jpg,https://img.faballey.com/images/Product/ZNS00008/d4.jpg,https://img.faballey.com/images/Product/ZNS00008/d5.jpg,https://img.faballey.com/images/Product/ZNS00008/d6.jpg"
1050,This gold geomteric pearl kundan bracelet is the perfect finishing touch to your festive ensemble. Features square shaped kundan stones with white pearl drops on either side,"https://img.faballey.com/images/Product/ZBR00041/d3.jpg,https://img.faballey.com/images/Product/ZBR00041/d4.jpg,https://img.faballey.com/images/Product/ZBR00041/d5.jpg,https://img.faballey.com/images/Product/ZBR00041/d6.jpg"
250,This tribal pair of earrings is the perfect cure for your Monday blues. Features spear shaped drops with a black stone centre,"https://img.faballey.com/images/Product/ZEA00177/d3.jpg,https://img.faballey.com/images/Product/ZEA00177/d4.jpg,https://img.faballey.com/images/Product/ZEA00177/d5.jpg,https://img.faballey.com/images/Product/ZEA00177/d7.jpg"
1100,Give your look a timeless appeal with this kundan drop cascade mangtika. Features a statement kundan encrusted centre with white pearl drops.,"https://img.faballey.com/images/Product/ZMT00014/d3.jpg,https://img.faballey.com/images/Product/ZMT00014/d4.jpg,https://img.faballey.com/images/Product/ZMT00014/d5.jpg,https://img.faballey.com/images/Product/ZMT00014/d7.jpg"
250,This pair of silver arrow motif danglers will take you through work and beyond. Features metallic bead details that add movement to the piece.,"https://img.faballey.com/images/Product/ZEA00176/d3.jpg,https://img.faballey.com/images/Product/ZEA00176/d4.jpg,https://img.faballey.com/images/Product/ZEA00176/d5.jpg,https://img.faballey.com/images/Product/ZEA00176/d6.jpg"
2250,"Glam up this festive season with this stunning, double layered kundan set. Features a double layered kundan necklace with pearl drop beads and matching earrings","https://img.faballey.com/images/Product/ZNS00039/d3.jpg,https://img.faballey.com/images/Product/ZNS00039/d4.jpg,https://img.faballey.com/images/Product/ZNS00039/d5.jpg,https://img.faballey.com/images/Product/ZNS00039/d6.jpg"
1400,Add a glamorous dose of bling and shine to your festive look with this this kundan beaded mangtika. Features a crest motif with white pearl detailing.,"https://img.faballey.com/images/Product/ZMT00015/d3.jpg,https://img.faballey.com/images/Product/ZMT00015/d4.jpg,https://img.faballey.com/images/Product/ZMT00015/d5.jpg,https://img.faballey.com/images/Product/ZMT00015/d7.jpg"
725,Look spectacular in silver with this pair of oxidised jhumki earrings. Features an enchanting geometric embossing.,"https://img.faballey.com/images/Product/ZEA00149/d3.jpg,https://img.faballey.com/images/Product/ZEA00149/d4.jpg,https://img.faballey.com/images/Product/ZEA00149/d5.jpg,https://img.faballey.com/images/Product/ZEA00149/d7.jpg"
1750,Amp up your festive season glam with this delectable kundan set. Featuring a string of kundan along with pearl drops running along the length of the necklace with pearl and kundan stud earrings,"https://img.faballey.com/images/Product/ZNS00035/d3.jpg,https://img.faballey.com/images/Product/ZNS00035/d4.jpg,https://img.faballey.com/images/Product/ZNS00035/d5.jpg,https://img.faballey.com/images/Product/ZNS00035/d6.jpg"
900,"Bright, eclectic and elegant this green meena kundan mangtika to the perfect pick to add a dash of color to your look. Features pastel green enamel work studded with kundan and pearl bead drops.","https://img.faballey.com/images/Product/ZMT00006/d3.jpg,https://img.faballey.com/images/Product/ZMT00006/d4.jpg,https://img.faballey.com/images/Product/ZMT00006/d5.jpg,https://img.faballey.com/images/Product/ZMT00006/d7.jpg"
975,This gold green kundan floral mangtika is a jewellery collection must-have. Features a cluster of petal motif kundan stones with green drop beads.,"https://img.faballey.com/images/Product/ZMT00009/d3.jpg,https://img.faballey.com/images/Product/ZMT00009/d4.jpg,https://img.faballey.com/images/Product/ZMT00009/d5.jpg,https://img.faballey.com/images/Product/ZMT00009/d7.jpg"
925,Give your look the perfect finishing touch with these festive must-haves. These cluster beaded dangler earrings features gold and white beads.,"https://img.faballey.com/images/Product/ZEA00035/d3.jpg,https://img.faballey.com/images/Product/ZEA00035/d4.jpg,https://img.faballey.com/images/Product/ZEA00035/d5.jpg,https://img.faballey.com/images/Product/ZEA00035/d7.jpg"
2625,Elevate your cocktail look with a glamourous dose of bling with this white and blue diamond set. Features a white diamond necklace with a statement blue focal stone.,"https://img.faballey.com/images/Product/ZNS00011/d3.jpg,https://img.faballey.com/images/Product/ZNS00011/d4.jpg,https://img.faballey.com/images/Product/ZNS00011/d5.jpg,https://img.faballey.com/images/Product/ZNS00011/d6.jpg"
1050,This gold pearl vine kundan bracelet is the a perfect finishing touch to your festive ensemble. Features petal shaped kundan stones with white pearl drops on either side,"https://img.faballey.com/images/Product/ZBR00040/d3.jpg,https://img.faballey.com/images/Product/ZBR00040/d4.jpg,https://img.faballey.com/images/Product/ZBR00040/d5.jpg,https://img.faballey.com/images/Product/ZBR00040/d6.jpg"
2250,"Glam up this festive season with this stunning, double layered kundan set. Features a double layered kundan necklace with green drop beads and matching earrings","https://img.faballey.com/images/Product/ZNS00038/d3.jpg,https://img.faballey.com/images/Product/ZNS00038/d4.jpg,https://img.faballey.com/images/Product/ZNS00038/d5.jpg,https://img.faballey.com/images/Product/ZNS00038/d6.jpg"
425,Hoops get a stunning and delicate makeover with this pair of silver daana earrings version. Features a lining of intricate daana work,"https://img.faballey.com/images/Product/ZEA00170/d3.jpg,https://img.faballey.com/images/Product/ZEA00170/d4.jpg,https://img.faballey.com/images/Product/ZEA00170/d5.jpg,https://img.faballey.com/images/Product/ZEA00170/d6.jpg"
1700,Gold and pearls make a winning combination in this kundan mangtika. Features a lotus motif chandbali style design.,"https://img.faballey.com/images/Product/ZMT00011/d3.jpg,https://img.faballey.com/images/Product/ZMT00011/d4.jpg,https://img.faballey.com/images/Product/ZMT00011/d5.jpg,https://img.faballey.com/images/Product/ZMT00011/d7.jpg"
950,Elegantly designed green dangler earrings are perfect to enhance your style quotient instantly. Features green stone and diamond embellishment.,"https://img.faballey.com/images/Product/ZEA00031/d3.jpg,https://img.faballey.com/images/Product/ZEA00031/d4.jpg,https://img.faballey.com/images/Product/ZEA00031/d5.jpg,https://img.faballey.com/images/Product/ZEA00031/d7.jpg"
475,Satiate your bohemian soul with this textured silver cuff. Features a textured surface for a statement effect.,"https://img.faballey.com/images/Product/ZBR00029/d3.jpg,https://img.faballey.com/images/Product/ZBR00029/d4.jpg,https://img.faballey.com/images/Product/ZBR00029/d5.jpg,https://img.faballey.com/images/Product/ZBR00029/d6.jpg,https://img.faballey.com/images/Product/ZBR00029/d7.jpg"
325,With delicate tribal-inspired embossing this pair of earrings can take a simple Indian look from drab to fab. Features a stunning design of daana work.,"https://img.faballey.com/images/Product/ZEA00178/d3.jpg,https://img.faballey.com/images/Product/ZEA00178/d4.jpg,https://img.faballey.com/images/Product/ZEA00178/d5.jpg,https://img.faballey.com/images/Product/ZEA00178/d7.jpg"
550,Top your festive look with a dash of color with this pair of gold and blue kundan earrings. Features blue meenakari work and pink faux stone drop.,"https://img.faballey.com/images/Product/ZEA00079/d3.jpg,https://img.faballey.com/images/Product/ZEA00079/d4.jpg,https://img.faballey.com/images/Product/ZEA00079/d5.jpg,https://img.faballey.com/images/Product/ZEA00079/d6.jpg"
650,This gorgeous linear diamond bracelet is a flawless addition to your workwear. Features a sleek setting of diamonds on an openable bangle.,"https://img.faballey.com/images/Product/ZBR00010/d3.jpg,https://img.faballey.com/images/Product/ZBR00010/d4.jpg,https://img.faballey.com/images/Product/ZBR00010/d5.jpg,https://img.faballey.com/images/Product/ZBR00010/d6.jpg,https://img.faballey.com/images/Product/ZBR00010/d7.jpg"
2500,"Old world charm meets modern elegance with this set. Features a gold plated white kundan set with crescent motifs and white enamel detailing, topped with white drop pearls.","https://img.faballey.com/images/Product/ZNS00007/d3.jpg,https://img.faballey.com/images/Product/ZNS00007/d4.jpg,https://img.faballey.com/images/Product/ZNS00007/d5.jpg,https://img.faballey.com/images/Product/ZNS00007/d6.jpg"
3500,Take your festive wardrobe up a notch with this ethereal kundan set. Features a gold plated white kundan set that comes with pearl drop kundan earrings and a mangtikka.,"https://img.faballey.com/images/Product/ZNS00002/d3.jpg,https://img.faballey.com/images/Product/ZNS00002/d4.jpg,https://img.faballey.com/images/Product/ZNS00002/d5.jpg,https://img.faballey.com/images/Product/ZNS00002/d6.jpg,https://img.faballey.com/images/Product/ZNS00002/d7.jpg"
300,Add this pair of silver oxidised dangler earrings to your jewellery box for some effortless styling. Features a floral motif and silver metal beads,"https://img.faballey.com/images/Product/ZEA00163/d3.jpg,https://img.faballey.com/images/Product/ZEA00163/d4.jpg,https://img.faballey.com/images/Product/ZEA00163/d5.jpg,https://img.faballey.com/images/Product/ZEA00163/d6.jpg"
800,"This minimal kundan green bead mangtika defines sophistication. Featuring a petal shaped motif studded with kundan with green drop beads, this one is perfect for those who prefer keeping the jewellery light.","https://img.faballey.com/images/Product/ZMT00007/d3.jpg,https://img.faballey.com/images/Product/ZMT00007/d4.jpg,https://img.faballey.com/images/Product/ZMT00007/d5.jpg,https://img.faballey.com/images/Product/ZMT00007/d7.jpg"
250,Elevate your everyday look with these simple silver gravel dangler earrings. Features a gravel texture detail on the danglers,"https://img.faballey.com/images/Product/ZEA00181/d3.jpg,https://img.faballey.com/images/Product/ZEA00181/d4.jpg,https://img.faballey.com/images/Product/ZEA00181/d5.jpg,https://img.faballey.com/images/Product/ZEA00181/d7.jpg"
1750,This statement kundan and blue bead set is what dream treasure troves are made of. Features a double blue bead string necklace with kundan drops and matching earring,"https://img.faballey.com/images/Product/ZNS00041/d3.jpg,https://img.faballey.com/images/Product/ZNS00041/d4.jpg,https://img.faballey.com/images/Product/ZNS00041/d5.jpg,https://img.faballey.com/images/Product/ZNS00041/d6.jpg"
250,These silver leaf shaped oxidised danglers make for the perfect weekend jewellery pick. Feature a delicate filigree detail.,"https://img.faballey.com/images/Product/ZEA00169/d3.jpg,https://img.faballey.com/images/Product/ZEA00169/d4.jpg,https://img.faballey.com/images/Product/ZEA00169/d5.jpg,https://img.faballey.com/images/Product/ZEA00169/d6.jpg"
900,Give your look an eclectic touch with this pair of dual toned oxidised danglers. Features alternating silver and gold coin plates on a clean baali form.,"https://img.faballey.com/images/Product/ZEA00160/d3.jpg,https://img.faballey.com/images/Product/ZEA00160/d4.jpg,https://img.faballey.com/images/Product/ZEA00160/d5.jpg,https://img.faballey.com/images/Product/ZEA00160/d7.jpg"
1050,This gold green stone bangle set is a trousseau must-have. Features green a sleek setting of green stones,"https://img.faballey.com/images/Product/ZBR00007/d3.jpg,https://img.faballey.com/images/Product/ZBR00007/d4.jpg,https://img.faballey.com/images/Product/ZBR00007/d5.jpg,https://img.faballey.com/images/Product/ZBR00007/d6.jpg"
1050,This gold dainty square kundan bracelet is the perfect finishing touch to your festive ensemble. Features square shaped kundan stones with dainty bead drops.,"https://img.faballey.com/images/Product/ZBR00042/d3.jpg,https://img.faballey.com/images/Product/ZBR00042/d4.jpg,https://img.faballey.com/images/Product/ZBR00042/d5.jpg,https://img.faballey.com/images/Product/ZBR00042/d6.jpg"
1300,Ignite that old world charm into your festive look with this gold green drops meenakari bracelet. Features shapely kundan stones accentuated with green meenakari work.,"https://img.faballey.com/images/Product/ZBR00044/d3.jpg,https://img.faballey.com/images/Product/ZBR00044/d4.jpg,https://img.faballey.com/images/Product/ZBR00044/d5.jpg,https://img.faballey.com/images/Product/ZBR00044/d6.jpg"
250,Dive into the festivities this pair of silver oxidised dangler earrings . These earrings feature silver metallic tassel drops from an intricate cylindrical stud.,"https://img.faballey.com/images/Product/ZEA00173/d3.jpg,https://img.faballey.com/images/Product/ZEA00173/d4.jpg,https://img.faballey.com/images/Product/ZEA00173/d5.jpg,https://img.faballey.com/images/Product/ZEA00173/d6.jpg"
725,Give your festive brights a dash of modern elegance with this wave diamond bracelet set.,"https://img.faballey.com/images/Product/ZBR00003/d3.jpg,https://img.faballey.com/images/Product/ZBR00003/d4.jpg,https://img.faballey.com/images/Product/ZBR00003/d5.jpg,https://img.faballey.com/images/Product/ZBR00003/d6.jpg"
250,Elevate your everyday look with these simple silver weave danglers. Features a weave texture detail on the danglers,"https://img.faballey.com/images/Product/ZEA00180/d3.jpg,https://img.faballey.com/images/Product/ZEA00180/d4.jpg,https://img.faballey.com/images/Product/ZEA00180/d5.jpg,https://img.faballey.com/images/Product/ZEA00180/d7.jpg"
